{
    "camera_matrix": [
        [
            487.75546965188533,
            0.0,
            334.80161620414486
        ],
        [
            0.0,
            489.09279377337333,
            222.86276034902014
        ],
        [
            0.0,
            0.0,
            1.0
        ]
    ],
    "dist_coeffs": [
        [
            -0.3648572788134014,
            0.18331207495388777,
            0.0004737582514724924,
            0.00022628285985917395,
            -0.0517166339208001
        ]
    ],
    "rvecs": [
        [
            [
                -0.33104334853359896
            ],
            [
                -0.32259949867592
            ],
            [
                1.5565790133735724
            ]
        ],
        [
            [
                -0.26666202279700674
            ],
            [
                -0.25362133304041273
            ],
            [
                1.5017885887951956
            ]
        ],
        [
            [
                -0.6716862794767513
            ],
            [
                -0.19100358218294028
            ],
            [
                1.2251365343539804
            ]
        ],
        [
            [
                -0.822517441758288
            ],
            [
                0.6446485093259609
            ],
            [
                1.2051905762488793
            ]
        ],
        [
            [
                -0.9878755530393589
            ],
            [
                -0.03033866435558913
            ],
            [
                -1.152174746086456
            ]
        ],
        [
            [
                0.8057838079873186
            ],
            [
                1.336648811849631
            ],
            [
                1.6444683765685124
            ]
        ],
        [
            [
                -0.5186042242901694
            ],
            [
                0.4848584166797802
            ],
            [
                -1.3583614640440926
            ]
        ],
        [
            [
                0.3691299388806774
            ],
            [
                0.35596719406066657
            ],
            [
                1.5567340238450311
            ]
        ],
        [
            [
                0.2840977180072647
            ],
            [
                0.5621121144695693
            ],
            [
                -1.5371451405102234
            ]
        ],
        [
            [
                0.960612103474608
            ],
            [
                -0.427824658973774
            ],
            [
                1.2806410103964323
            ]
        ],
        [
            [
                0.8387174517088013
            ],
            [
                -0.656640089632433
            ],
            [
                1.3859836271830885
            ]
        ],
        [
            [
                0.38209275546808835
            ],
            [
                -1.0735121540495678
            ],
            [
                1.5604636862119023
            ]
        ],
        [
            [
                -0.17383815758263965
            ],
            [
                -1.4458585030209983
            ],
            [
                1.6179361059626212
            ]
        ],
        [
            [
                -0.060899922630416554
            ],
            [
                -1.364667102653835
            ],
            [
                1.608409097063796
            ]
        ],
        [
            [
                0.4073429272480601
            ],
            [
                -0.9298630126272358
            ],
            [
                1.5143024207784141
            ]
        ],
        [
            [
                0.7012506562248719
            ],
            [
                0.6564848852477704
            ],
            [
                -1.460713919591726
            ]
        ],
        [
            [
                1.0623143742769026
            ],
            [
                -0.23495105743111205
            ],
            [
                1.2409072858483488
            ]
        ],
        [
            [
                0.8918154441317856
            ],
            [
                -0.07995085580413304
            ],
            [
                1.32312509891035
            ]
        ],
        [
            [
                -0.23935640290014076
            ],
            [
                0.5019829183478405
            ],
            [
                -1.5312397743066177
            ]
        ],
        [
            [
                -0.6552797607279619
            ],
            [
                0.20621654854947072
            ],
            [
                -1.4070819082608532
            ]
        ],
        [
            [
                -0.10059576492963118
            ],
            [
                0.010460140116300328
            ],
            [
                1.5624820446109597
            ]
        ],
        [
            [
                -0.569902940599241
            ],
            [
                -0.35496168610402
            ],
            [
                1.3347637436703799
            ]
        ],
        [
            [
                -0.24480437148765716
            ],
            [
                0.3680531308629587
            ],
            [
                1.4892640964746073
            ]
        ],
        [
            [
                -0.8843461366919552
            ],
            [
                0.30344328239976354
            ],
            [
                -1.341206939421766
            ]
        ],
        [
            [
                0.6282013239741087
            ],
            [
                0.5272440070522266
            ],
            [
                1.4840215043679634
            ]
        ],
        [
            [
                0.7796057561442004
            ],
            [
                0.5546846740467372
            ],
            [
                1.3492935031202875
            ]
        ],
        [
            [
                -0.4203160003385321
            ],
            [
                0.6568517600235311
            ],
            [
                -1.0213562363414652
            ]
        ]
    ],