{
    "camera_matrix": [
        [
            485.6731196475976,
            0.0,
            324.9858042280347
        ],
        [
            0.0,
            487.97393807341666,
            221.64462859485732
        ],
        [
            0.0,
            0.0,
            1.0
        ]
    ],
    "dist_coeffs": [
        [
            -0.3563302390149658,
            0.15931599710234262,
            0.0013133008774825195,
            0.0006457440243437052,
            -0.030888212694908438
        ]
    ],
    "rvecs": [
        [
            [
                -0.6538715517918476
            ],
            [
                -0.3794791674226236
            ],
            [
                1.509050622609248
            ]
        ],
        [
            [
                -0.6466382090783528
            ],
            [
                0.4424582641364174
            ],
            [
                -1.4398431326938927
            ]
        ],
        [
            [
                -0.6550064609952345
            ],
            [
                -0.4247265021024779
            ],
            [
                -1.4446184654648622
            ]
        ],
        [
            [
                -0.29789979436745184
            ],
            [
                -0.1689336820282733
            ],
            [
                -1.5254708570132611
            ]
        ],
        [
            [
                0.033747723871433655
            ],
            [
                -0.0008451308907922052
            ],
            [
                1.5474989839128794
            ]
        ],
        [
            [
                -0.03335861947830986
            ],
            [
                -0.011331048612916025
            ],
            [
                1.5570414513041968
            ]
        ],
        [
            [
                -0.0037898831298265644
            ],
            [
                -0.049539072284892835
            ],
            [
                -1.5661340540735356
            ]
        ],
        [
            [
                -0.6321718632808181
            ],
            [
                0.5770407033490311
            ],
            [
                -1.4768245093916488
            ]
        ],
        [
            [
                -0.587419694314729
            ],
            [
                -0.4379921969751494
            ],
            [
                1.4634322676921656
            ]
        ],
        [
            [
                -0.7880846653796546
            ],
            [
                -0.542437145430304
            ],
            [
                1.4132709150879557
            ]
        ],
        [
            [
                0.12833711974603826
            ],
            [
                0.2215914348661062
            ],
            [
                1.5416466665151254
            ]
        ],
        [
            [
                -0.7970582250461203
            ],
            [
                0.7602638911057805
            ],
            [
                -1.413762523850061
            ]
        ],
        [
            [
                -0.19258550495794188
            ],
            [
                0.03461818260007006
            ],
            [
                -1.5437037029598695
            ]
        ],
        [
            [
                -0.26921000477818324
            ],
            [
                -0.25200305853740596
            ],
            [
                1.5397746315866743
            ]
        ],
        [
            [
                -0.20116057493417744
            ],
            [
                -0.33020440874521956
            ],
            [
                1.526883787381891
            ]
        ],
        [
            [
                0.07849400000786935
            ],
            [
                -0.548243410751963
            ],
            [
                1.5827334457929563
            ]
        ],
        [
            [
                -0.25289145989249706
            ],
            [
                -0.2101487411738844
            ],
            [
                1.571026399769549
            ]
        ],
        [
            [
                0.5339359053641377
            ],
            [
                0.5458537084919836
            ],
            [
                1.4505179642960746
            ]
        ],
        [
            [
                0.6896095482502489
            ],
            [
                0.2105232526468948
            ],
            [
                1.4226241432471483
            ]
        ],
        [
            [
                1.0330353781568051
            ],
            [
                -0.18829581055550912
            ],
            [
                1.1865828921572708
            ]
        ],
        [
            [
                0.6029917364475217
            ],
            [
                0.37772322883117626
            ],
            [
                1.480414483968772
            ]
        ],
        [
            [
                0.16574772094696255
            ],
            [
                0.8693068217644518
            ],
            [
                -1.580860544557812
            ]
        ],
        [
            [
                0.5218948415168966
            ],
            [
                -0.7200186897333031
            ],
            [
                1.5397551886836924
            ]
        ],
        [
            [
                0.39401134465241544
            ],
            [
                -0.9408967438468422
            ],
            [
                1.600799652501818
            ]
        ],
        [
            [
                1.095577159896389
            ],
            [
                0.031561604569734454
            ],
            [
                -1.085489307389096
            ]
        ],
        [
            [
                1.1797533808124534
            ],
            [
                0.1050260419033555
            ],
            [
                -1.0535990857488398
            ]
        ],
        [
            [
                1.1853485035221791
            ],
            [
                0.10679335077801484
            ],
            [
                -1.064684553070179
            ]
        ],
        [
            [
                -0.6084614714734613
            ],
            [
                -0.38068858005489287
            ],
            [
                1.5604951906443978
            ]
        ],
        [
            [
                -0.9918100552734178
            ],
            [
                0.9132992785715877
            ],
            [
                1.3183849167422068
            ]
        ],
        [
            [
                -0.9587749883287846
            ],
            [
                0.9057119876779298
            ],
            [
                1.3372530893971983
            ]
        ]
    ],