{
    "camera_matrix": [
        [
            491.1300909737475,
            0.0,
            321.25278655370636
        ],
        [
            0.0,
            489.56723196982205,
            233.38040444609905
        ],
        [
            0.0,
            0.0,
            1.0
        ]
    ],
    "dist_coeffs": [
        [
            -0.36002069206426224,
            0.16717491364259077,
            0.0010353273956139374,
            -9.378277200743403e-06,
            -0.04146395844979674
        ]
    ],
    "rvecs": [
        [
            [
                0.09293427620443637
            ],
            [
                -0.3210361384259473
            ],
            [
                -0.09163930095265116
            ]
        ],
        [
            [
                0.06791212728519525
            ],
            [
                -0.20502998130201064
            ],
            [
                0.02029349683300325
            ]
        ],
        [
            [
                -0.028937940494400197
            ],
            [
                0.28367523930382127
            ],
            [
                -0.10413010727343626
            ]
        ],
        [
            [
                0.09413748094500442
            ],
            [
                -0.9205542938541688
            ],
            [
                -0.23250834768649023
            ]
        ],
        [
            [
                0.07555503869183994
            ],
            [
                0.014670584796874333
            ],
            [
                0.02020517711797703
            ]
        ],
        [
            [
                0.12769034584307581
            ],
            [
                0.09167689241377225
            ],
            [
                -0.11713358172752161
            ]
        ],
        [
            [
                -0.05699001204277948
            ],
            [
                -0.1583817612455795
            ],
            [
                -0.20279259095914356
            ]
        ],
        [
            [
                0.13490806502510158
            ],
            [
                0.1113890821836229
            ],
            [
                -0.17971970394477488
            ]
        ],
        [
            [
                0.7070560805094631
            ],
            [
                0.11085279543953526
            ],
            [
                -0.10577764603304149
            ]
        ],
        [
            [
                0.8365705689069141
            ],
            [
                0.037695587249531384
            ],
            [
                -0.12141696253789848
            ]
        ],
        [
            [
                0.04317126897802671
            ],
            [
                -0.22365727430110846
            ],
            [
                -0.09440325303174972
            ]
        ],
        [
            [
                0.6868692490470231
            ],
            [
                -0.2753721821506042
            ],
            [
                0.14271391071295453
            ]
        ],
        [
            [
                0.05139320397164726
            ],
            [
                -0.3071490117102087
            ],
            [
                -0.10310310431993812
            ]
        ],
        [
            [
                -0.2590760695281765
            ],
            [
                -0.1437313314255848
            ],
            [
                -0.06170884559074413
            ]
        ],
        [
            [
                -0.37155825627041766
            ],
            [
                0.1974807350413899
            ],
            [
                -0.08618436183182
            ]
        ],
        [
            [
                -0.31437604525542073
            ],
            [
                -0.282105013064735
            ],
            [
                -0.060593005848523916
            ]
        ]
    ],
    "tvecs": [
        [
            [
                -660.8370936840831
            ],
            [
                -153.32702639679877
            ],
            [
                982.0621361569883
            ]
        ],
        [
            [
                -599.4662159213484
            ],
            [
                -248.73183575903082
            ],
            [
                955.2180191333481
            ]
        ],
        [
            [
                -668.3760431731221
            ],
            [
                -322.3754146421305
            ],
            [
                1700.6257006299427
            ]
        ],
        [
            [
                -622.6137049067756
            ],
            [
                -189.76774829618083
            ],
            [
                1129.7943833443376
            ]
        ],
        [
            [
                289.3212996543141
            ],
            [
                -320.8840515668691
            ],
            [
                1620.881841287213
            ]
        ],
        [
            [
                251.9427270940602
            ],
            [
                -264.1487775510242
            ],
            [
                1535.2512359080486
            ]
        ],
        [
            [
                202.36305580590673
            ],
            [
                -527.9823915032762
            ],
            [
                1603.7546330703528
            ]
        ],
        [
            [
                6.449246977973755
            ],
            [
                -621.9804153586032
            ],
            [
                1449.156857024119
            ]
        ],
        [
            [
                11.578563982133225
            ],
            [
                -430.7631723270096
            ],
            [
                1205.6713655947794
            ]
        ],
        [
            [
                20.554885681957124
            ],
            [
                -294.8949212689659
            ],
            [
                1092.272067460034
            ]
        ],
        [
            [
                -710.7380732523834
            ],
            [
                -388.4383961287318
            ],
            [
                1285.714742447591
            ]
        ],
        [
            [
                -482.71601958316234
            ],
            [
                -240.9096855668963
            ],
            [
                845.8635183984345
            ]
        ],
        [
            [
                -656.0030450711232
            ],
            [
                -241.42522976795613
            ],
            [
                1187.2342599738981
            ]
        ],
        [
            [
                147.738456563397
            ],
            [
                -377.73138273765704
            ],
            [
                1328.7870530939188
            ]
        ],
        [
            [
                159.7907880180171
            ],
            [
                -245.76717274898493
            ],
            [
                1547.268856036847
            ]
        ],
        [
            [
                -110.67407914418692
            ],
            [
                -249.8686305672818
            ],
            [
                1225.984954831893
            ]
        ]
    ]
}