{
    "camera_matrix": [
        [
            485.93099947010506,
            0.0,
            344.2866164462015
        ],
        [
            0.0,
            488.33056819364634,
            243.50256841556106
        ],
        [
            0.0,
            0.0,
            1.0
        ]
    ],
    "dist_coeffs": [
        [
            -0.37671375740691404,
            0.23279402141074748,
            -0.0002057844750983102,
            -0.0007125008106715846,
            -0.09812055778153443
        ]
    ],
    "rvecs": [
        [
            [
                -0.2964616995170657
            ],
            [
                -0.5141900724649222
            ],
            [
                1.5145099043779993
            ]
        ],
        [
            [
                -0.028329217586850013
            ],
            [
                0.3331669262204617
            ],
            [
                1.5387644965622918
            ]
        ],
        [
            [
                -0.49156938417329216
            ],
            [
                -0.27578026432405417
            ],
            [
                1.4570965702636214
            ]
        ],
        [
            [
                0.4777081156743702
            ],
            [
                0.6189810368730705
            ],
            [
                1.5660620101151737
            ]
        ],
        [
            [
                -0.5652081645420687
            ],
            [
                -0.4207734208217265
            ],
            [
                1.4445787683529114
            ]
        ],
        [
            [
                -0.06889628848431335
            ],
            [
                0.06166816714059209
            ],
            [
                1.5336106260125628
            ]
        ],
        [
            [
                0.2379575278798404
            ],
            [
                0.23556398088561736
            ],
            [
                1.5212885604071784
            ]
        ],
        [
            [
                0.6238247425949015
            ],
            [
                0.5842070879646493
            ],
            [
                1.48404594857878
            ]
        ],
        [
            [
                0.7680110636711023
            ],
            [
                0.6854085210816969
            ],
            [
                1.4479587363458217
            ]
        ],
        [
            [
                0.6397002876900022
            ],
            [
                0.7109697493826352
            ],
            [
                1.5225457730842111
            ]
        ],
        [
            [
                1.0069641128256104
            ],
            [
                0.17331568391266658
            ],
            [
                1.2566213807121822
            ]
        ],
        [
            [
                0.9679746325700619
            ],
            [
                -0.08638540539379985
            ],
            [
                1.2829950570849569
            ]
        ],
        [
            [
                0.9072458602945108
            ],
            [
                -0.14781068305980524
            ],
            [
                1.2594034589668173
            ]
        ],
        [
            [
                0.4965279373892775
            ],
            [
                -0.4228614843327347
            ],
            [
                1.4068271408559896
            ]
        ],
        [
            [
                0.2841468870717268
            ],
            [
                -0.5565255627191773
            ],
            [
                1.423452883500268
            ]
        ],
        [
            [
                0.5400892926198783
            ],
            [
                0.2862618907564292
            ],
            [
                -1.4102063907139906
            ]
        ],
        [
            [
                0.41613402080433826
            ],
            [
                -0.6185647624830924
            ],
            [
                1.5057793003421545
            ]
        ],
        [
            [
                -0.1300909515035023
            ],
            [
                0.005049055678127171
            ],
            [
                1.5570999370455485
            ]
        ],
        [
            [
                -0.09666676548570599
            ],
            [
                0.26011929202592393
            ],
            [
                1.4967307776269865
            ]
        ],
        [
            [
                -0.4155915580055891
            ],
            [
                0.42967151004782683
            ],
            [
                1.3767818661435138
            ]
        ],
        [
            [
                -0.37607966844958535
            ],
            [
                0.3515891948856354
            ],
            [
                1.5145050781963905
            ]
        ],
        [
            [
                -0.3780553631606245
            ],
            [
                0.373731142553404
            ],
            [
                1.5451939741087115
            ]
        ],
        [
            [
                -0.34701135719460535
            ],
            [
                0.3405269652725792
            ],
            [
                1.518154661833988
            ]
        ],
        [
            [
                -0.10747832811277566
            ],
            [
                0.5285319753289306
            ],
            [
                1.5773953017001698
            ]
        ],
        [
            [
                -0.07610723716786988
            ],
            [
                0.47735936052476535
            ],
            [
                1.5717664069858526
            ]
        ],
        [
            [
                0.10728046431935215
            ],
            [
                0.36199642052628267
            ],
            [
                1.5892254606653113
            ]
        ],
        [
            [
                0.12706700054355197
            ],
            [
                0.468589906671058
            ],
            [
                1.58012400921503
            ]
        ],
        [
            [
                0.5899070611356564
            ],
            [
                0.830813928962903
            ],
            [
                1.599011266930429
            ]
        ],
        [
            [
                -0.20238968996899265
            ],
            [
                0.4658682180274852
            ],
            [
                1.5971656833394399
            ]
        ],
        [
            [
                -0.32355082762771104
            ],
            [
                -0.9899032653326293
            ],
            [
                -1.1621299515782435
            ]
        ],
        [
            [
                -0.10872581732703449
            ],
            [
                -0.42961802894438006
            ],
            [
                1.4176317714742401
            ]
        ],
        [
            [
                0.05330173665224863
            ],
            [
                -0.3729213817104186
            ],
            [
                1.555875936584278
            ]
        ],
        [
            [
                -0.013656437668874104
            ],
            [
                -0.15887263772654447
            ],
            [
                1.5534433218959005
            ]
        ],
        [
            [
                -0.06961403492407484
            ],
            [
                -0.12475199013167357
            ],
            [
                1.5308064545404685
            ]
        ],
        [
            [
                -0.08991164526578196
            ],
            [
                -0.1914795644034097
            ],
            [
                1.5697386474955028
