{
    "camera_matrix": [
      [
        491.1300909737475,
        0.0,
        321.25278655370636
      ],
      [
        0.0,
        489.56723196982205,
        233.38040444609905
      ],
      [
        0.0,
        0.0,
        1.0
      ]
    ],
    "dist_coeffs": [
      -0.36002069206426224,
      0.16717491364259077,
      0.0010353273956139374,
      -9.378277200743403e-06,
      -0.04146395844979674
    ],
    "rvecs": [
      -0.22487260750882984,
      2.0176155735130967,
      2.151180885429912
    ],
    "tvecs": [
      -162.54267292719973,
      1234.7009043677729,
      2596.543925540272
    ]
  }