{
    "camera_matrix": [
      [
        487.75546965188533,
        0.0,
        334.80161620414486
      ],
      [
        0.0,
        489.09279377337333,
        222.86276034902014
      ],
      [
        0.0,
        0.0,
        1.0
      ]
    ],
    "dist_coeffs": [
      -0.3648572788134014,
      0.18331207495388777,
      0.0004737582514724924,
      0.00022628285985917395,
      -0.0517166339208001
    ],
    "rvecs": [
      -1.3454641619448826,
      -0.5816397873112977,
      -0.6782581188581324
    ],
    "tvecs": [
      -181.66099451652426,
      826.8622058258477,
      4205.182261176342
    ]
  }