{
    "camera_matrix": [
      [
        487.75546965188533,
        0.0,
        334.80161620414486
      ],
      [
        0.0,
        489.09279377337333,
        222.86276034902014
      ],
      [
        0.0,
        0.0,
        1.0
      ]
    ],
    "dist_coeffs": [
      -0.3648572788134014,
      0.18331207495388777,
      0.0004737582514724924,
      0.00022628285985917395,
      -0.0517166339208001
    ],
    "rvecs": [
      -1.3481330304726664,
      -0.5801884509399763,
      -0.6764779498902755
    ],
    "tvecs": [
      -191.97390869464942,
      817.2898722167869,
      4194.207156715129
    ]
  }