{
    "camera_matrix": [
      [
        485.93099947010506,
        0.0,
        344.2866164462015
      ],
      [
        0.0,
        488.33056819364634,
        243.50256841556106
      ],
      [
        0.0,
        0.0,
        1.0
      ]
    ],
    "dist_coeffs": [
      -0.37671375740691404,
      0.23279402141074748,
      -0.0002057844750983102,
      -0.0007125008106715846,
      -0.09812055778153443
    ],
    "rvecs": [
      -0.5955095870958232,
      -1.7104063798365083,
      -1.9156805110904969
    ],
    "tvecs": [
      -520.6158932308631,
      961.0275045371595,
      3698.522474993947
    ]
  }