{
    "camera_matrix": [
      [
        485.93099947010506,
        0.0,
        344.2866164462015
      ],
      [
        0.0,
        488.33056819364634,
        243.50256841556106
      ],
      [
        0.0,
        0.0,
        1.0
      ]
    ],
    "dist_coeffs": [
      -0.37671375740691404,
      0.23279402141074748,
      -0.0002057844750983102,
      -0.0007125008106715846,
      -0.09812055778153443
    ],
    "rvecs": [
      -1.3939462269785883,
      0.49578932053603625,
      0.5616397684713048
    ],
    "tvecs": [
      -461.5089742941729,
      848.8547250884601,
      4683.603877658491
    ]
  }