{
    "rvec": [
        [
            -1.3481330304726664
        ],
        [
            -0.5801884509399763
        ],
        [
            -0.6764779498902755
        ]
    ],
    "tvec": [
        [
            -191.97390869464942
        ],
        [
            817.2898722167869
        ],
        [
            4194.207156715129
        ]
    ]
}