{
    "rvec": [
        [
            -1.3454641619448826
        ],
        [
            -0.5816397873112977
        ],
        [
            -0.6782581188581324
        ]
    ],
    "tvec": [
        [
            -181.66099451652426
        ],
        [
            826.8622058258477
        ],
        [
            4205.182261176342
        ]
    ]
}