{
    "rvec": [
        [
            -1.2524656492639696
        ],
        [
            -1.1944916264259644
        ],
        [
            -1.1680991865538912
        ]
    ],
    "tvec": [
        [
            -254.36536425751038
        ],
        [
            1500.3681718215485
        ],
        [
            3005.660649213343
        ]
    ]
}