{"rvec": [[-1.2498618601983804], [-1.2016608694671833], [-1.1599807511663416]], "tvec": [[-239.72197789334786], [1499.9562849568556], [3019.243050182373]]}