{
    "rvec": [
        [
            -1.505113118255577
        ],
        [
            -0.17072302493608227
        ],
        [
            -0.20710609821521406
        ]
    ],
    "tvec": [
        [
            -922.2449371677861
        ],
        [
            1215.5543550863204
        ],
        [
            3253.9482378335347
        ]
    ]
}