{
    "rvec": [
        [
            -0.22487260750882984
        ],
        [
            2.0176155735130967
        ],
        [
            2.151180885429912
        ]
    ],
    "tvec": [
        [
            -162.54267292719973
        ],
        [
            1234.7009043677729
        ],
        [
            2596.543925540272
        ]
    ]
}