{
    "rvec": [
        [
            -0.5955095870958232
        ],
        [
            -1.7104063798365083
        ],
        [
            -1.9156805110904969
        ]
    ],
    "tvec": [
        [
            -520.6158932308631
        ],
        [
            961.0275045371595
        ],
        [
            3698.522474993947
        ]
    ]
}