{
    "rvec": [
        [
            -1.3939462269785883
        ],
        [
            0.49578932053603625
        ],
        [
            0.5616397684713048
        ]
    ],
    "tvec": [
        [
            -461.5089742941729
        ],
        [
            848.8547250884601
        ],
        [
            4683.603877658491
        ]
    ]
}